Workbook
Name BoxPlot: "BoxPlot"
Name Bubble: "Bubble"
Name Candlestick: "Candlestick"
Name Chart: "Chart"
Name ChartImage: "ChartImage"
Name ColumnRange: "ColumnRange"
Name Dumbbell: "Dumbbell"
Name Heatmap: "Heatmap"
Name Histogram: "Histogram"
Name Map: "Map"
Name OHLC: "OHLC"
Name PieChart: "PieChart"
Name Scatter: "Scatter"
Name Series: "Series"
Name Stripe: "Stripe"
Name Table: "Table"
Name TreeMap: "TreeMap"
Name Waterfall: "Waterfall"

Sheet Price_Data
A1: Ticker | B1: 자산명 | C1: 현재가 | D1: 3M 전 가격 | E1: 6M 전 가격 | F1: 12M 전 가격 | G1: 3M 수익률 | H1: 6M 수익률 | I1: 12M 수익률
A2: SPY | B2: S&P500 | C2: 6865.17 | D2: 6715.35 | E2: 6227.42 | F2: 5868.55 | G2: =(C2-D2)/D2*100 -> 2.2310081 | H2: =(C2-E2)/E2*100 -> 10.240999 | I2: =(C2-F2)/F2*100 -> 16.982389
A3: K51 | B3: KOSPI200 | C3: 624 | D3: 493 | E3: 414 | F3: 318 | G3: =(C3-D3)/D3*100 -> 26.572008 | H3: =(C3-E3)/E3*100 -> 50.724638 | I3: =(C3-F3)/F3*100 -> 96.226415
A4: 0047A0 | B4: TIGER 차이나테크 TOP10 | C4: 12370 | D4: 14309 | E4: 9345 | F4: 10138 | G4: =(C4-D4)/D4*100 -> -13.550912 | H4: =(C4-E4)/E4*100 -> 32.370251 | I4: =(C4-F4)/F4*100 -> 22.016177
A5: TLT | B5: 미국채 20년 | C5: 87.06 | D5: 88.57 | E5: 85.66 | F5: 93.27 | G5: =(C5-D5)/D5*100 -> -1.7048662 | H5: =(C5-E5)/E5*100 -> 1.6343684 | I5: =(C5-F5)/F5*100 -> -6.6580894
A6: *** 새틀라이트 종목 ***
A7: FRO | B7: Frontline Plc | C7: 20.57 | D7: 22.51 | E7: 17.1 | F7: 15.57 | G7: =(C7-D7)/D7*100 -> -8.6183918 | H7: =(C7-E7)/E7*100 -> 20.292398 | I7: =(C7-F7)/F7*100 -> 32.113038
A8: AR | B8: Antero Resources Corp | C8: 34.22 | D8: 33.49 | E8: 38.97 | F8: 32.69 | G8: =(C8-D8)/D8*100 -> 2.1797552 | H8: =(C8-E8)/E8*100 -> -12.188863 | I8: =(C8-F8)/F8*100 -> 4.6803304
A9: REMX | B9: 희토류 | C9: 74.81 | D9: 61.7 | E9: 36.53 | F9: 44.82 | G9: =(C9-D9)/D9*100 -> 21.247974 | H9: =(C9-E9)/E9*100 -> 104.79058 | I9: =(C9-F9)/F9*100 -> 66.912093
A10: HG1 | B10: 구리 | C10: 5.21 | D10: 4.51 | E10: 4.83 | F10: 4.08 | G10: =(C10-D10)/D10*100 -> 15.521064 | H10: =(C10-E10)/E10*100 -> 7.8674948 | I10: =(C10-F10)/F10*100 -> 27.696078
A11: URNM | B11: Sportt Uranium Miners ETF | C11: 60.35 | D11: 59.01 | E11: 71.95 | F11: 77.5 | G11: =(C11-D11)/D11*100 -> 2.2708016 | H11: =(C11-E11)/E11*100 -> -16.122307 | I11: =(C11-F11)/F11*100 -> -22.129032
A12: GC1 | B12: 금 | C12: 4332.01 | D12: 3856.12 | E12: 3381.7 | F12: 2642.21 | G12: =(C12-D12)/D12*100 -> 12.341162 | H12: =(C12-E12)/E12*100 -> 28.101547 | I12: =(C12-F12)/F12*100 -> 63.954038

Sheet Momentum_Calc
A1: 모멘텀 계산
A3: 1. 코어 인덱스 모멘텀
A4: 자산 | B4: 3M 수익률 | C4: 절대모멘텀 | D4: 조정 수익률 | E4: 모멘텀 스코어 | F4: 추천 비중 | J4: 모멘텀 계수: | K4: 2
A5: S&P500 | B5: =Price_Data!G2 -> 2.2310081 | C5: =IF(B5>0,"🟢","🔴") -> 🟢 | D5: =IF(B5>0,B5,0) -> 2.2310081 | E5: =(1+D5/100)^$K$4 -> 1.0451179 | F5: =E5/SUM($E$5:$E$6)*100 -> 39.480645
A6: KOSPI | B6: =Price_Data!G3 -> 26.572008 | C6: =IF(B6>0,"🟢","🔴") -> 🟢 | D6: =IF(B6>0,B6,0) -> 26.572008 | E6: =(1+D6/100)^$K$4 -> 1.6020473 | F6: =E6/SUM($E$5:$E$6)*100 -> 60.519355
A7: =Price_Data!B4 -> TIGER 차이나테크 TOP10 | B7: =Price_Data!G4 -> -13.550912 | C7: =IF(B7>0,"🟢","🔴") -> 🔴 | D7: =IF(B7>0,B7,0) -> 0 | E7: =(1+D7/100)^$K$4 -> 1 | F7: 0
A10: 2. 채권 모멘텀
A11: 자산 | B11: 3M 수익률 | C11: 절대모멘텀 | D11: 조정 수익률 | E11: 모멘텀 스코어 | F11: 추천 비중 | J11: 모멘텀 계수: | K11: 1.5
A12: 미국채 | B12: =Price_Data!G5 -> -1.7048662 | C12: =IF(B12>0,"🟢","🔴") -> 🔴 | D12: =IF(B12>0,B12,0) -> 0 | E12: =(1+D12/100)^$K$11 -> 1 | F12: =E12/SUM($E$12:$E$12)*100 -> 100
A15: 3. 새틀라이트 절대모멘텀
A16: 종목 | B16: 3M 수익률 | C16: 절대모멘텀 | D16: 판정
A17: =Price_Data!B7 -> Frontline Plc | B17: =Price_Data!G7 -> -8.6183918 | C17: =IF(B17>0,"🟢","🔴") -> 🔴 | D17: =IF(B17>0,"🟢 보유","🔴 제외") -> 🔴 제외
A18: =Price_Data!B8 -> Antero Resources Corp | B18: =Price_Data!G8 -> 2.1797552 | C18: =IF(B18>0,"🟢","🔴") -> 🟢 | D18: =IF(B18>0,"🟢 보유","🔴 제외") -> 🟢 보유
A19: =Price_Data!B12 -> 금 | B19: =Price_Data!G9 -> 21.247974 | C19: =IF(B19>0,"🟢","🔴") -> 🟢 | D19: =IF(B19>0,"🟢 보유","🔴 제외") -> 🟢 보유
A20: =Price_Data!B9 -> 희토류 | B20: =Price_Data!G10 -> 15.521064 | C20: =IF(B20>0,"🟢","🔴") -> 🟢 | D20: =IF(B20>0,"🟢 보유","🔴 제외") -> 🟢 보유
A21: =Price_Data!B10 -> 구리 | B21: =Price_Data!G11 -> 2.2708016 | C21: =IF(B21>0,"🟢","🔴") -> 🟢 | D21: =IF(B21>0,"🟢 보유","🔴 제외") -> 🟢 보유
A22: =Price_Data!B11 -> Sportt Uranium Miners ETF | B22: =Price_Data!G12 -> 12.341162 | C22: =IF(B22>0,"🟢","🔴") -> 🟢 | D22: =IF(B22>0,"🟢 보유","🔴 제외") -> 🟢 보유

Sheet Asset_Allocation
A1: 자산 배분 결정
A3: 1. 주식 vs 채권
A4: 주식 비중 (%) | B4: 80 | C4: ← 입력 (50~80)
A5: 채권 비중 (%) | B5: =100-B4 -> 20 | C5: 자동 계산
A7: 판단 근거
A8: 경기 전망 | B8: 확장
A9: 금리 전망 | B9: 인하
A10: 시장 모멘텀 | B10: 강세
A13: 2. 코어 vs 새틀라이트 (주식 내)
A14: 코어 비중 (%) | B14: 50 | C14: ← 입력 (50~100)
A15: 새틀라이트 비중 (%) | B15: =100-B14 -> 50 | C15: 자동 계산

Sheet Core_Allocation
A1: 코어 배분 계산
A3: 총 자산 | B3: =9600000+3000000 -> 12600000
A4: 주식 비중 | B4: =Asset_Allocation!B4/100 -> 0.8
A5: 주식 금액 | B5: =B3*B4 -> 10080000
A6: 주식 금액 | B6: =Asset_Allocation!B14/100 -> 0.5
A7: 코어 총액 | B7: =B5*B6 -> 5040000
A9: 국가별 배분 | B9: 추천 비중 | C9: 투자 비중 | D9: 투자 금액 | E9: Ticker
A10: =Price_Data!B2 -> S&P500 | B10: =Momentum_Calc!F5/100 -> 0.39480645 | C10: =IF(Momentum_Calc!C5="🟢",B10,0) -> 0.39480645 | D10: =$B$7*C10 -> 1989824.5 | E10: =Price_Data!A2 -> SPY | F10: 709180 | G10: =D10-F10 -> 1280644.5
A11: =Price_Data!B3 -> KOSPI200 | B11: =Momentum_Calc!F6/100 -> 0.60519355 | C11: =IF(Momentum_Calc!C6="🟢",B11,0) -> 0.60519355 | D11: =$B$7*C11 -> 3050175.5 | E11: =Price_Data!A3 -> K51 | F11: 1330000 | G11: =D11-F11 -> 1720175.5
A12: =Price_Data!B4 -> TIGER 차이나테크 TOP10 | B12: =Momentum_Calc!F7/100 -> 0 | C12: =IF(Momentum_Calc!C7="🟢",B12,0) -> 0 | D12: =$B$7*C12 -> 0 | E12: =Price_Data!A4 -> 0047A0 | F12: 549610 | G12: =D12-F12 -> -549610
A13: 합계 | C13: =SUM(C10:C12) -> 1 | D13: =SUM(D10:D12) -> 5040000

Sheet Bond_Allocation
A1: 채권 배분 계산
A3: 총 자산 | B3: =Core_Allocation!B3 -> 12600000
A4: 채권 비중 | B4: =Asset_Allocation!B5/100 -> 0.2
A5: 채권 총액 | B5: =B3*B4 -> 2520000
A7: 채권별 배분 | B7: 추천 비중 | C7: 투자 비중 | D7: 투자 금액 | E7: Ticker
A8: 미국채 | B8: =Momentum_Calc!F12/100 -> 1 | C8: =B8 -> 1 | D8: =$B$5*C8 -> 2520000 | E8: TLT | F8: 1324670 | G8: =D8-F8 -> 1195330
A9: 합계 | C9: =SUM(C8:C8) -> 1 | D9: =SUM(D8:D8) -> 2520000

Sheet Satellite_Selection
A1: 새틀라이트 선정
A3: 총 자산 | B3: =Core_Allocation!B3 -> 12600000
A4: 주식 비중 | B4: =Asset_Allocation!B4/100 -> 0.8
A5: 주식 금액 | B5: =B3*B4 -> 10080000
A6: 새틀라이트 비중 | B6: =Asset_Allocation!B15/100 -> 0.5
A7: 새틀라이트 총액 | B7: =B5*B6 -> 5040000
A9: 종목 선정 | B9: 3M 모멘텀 | C9: 절대모멘텀 | D9: 확신도 | E9: 비중 | F9: 투자금액 | G9: Ticker
A10: =Price_Data!B7 -> Frontline Plc | B10: =Momentum_Calc!B17/100 -> -0.086183918 | C10: =Momentum_Calc!C17 -> 🔴 | D10: 중 | E10: 0.25 | F10: =$B$7*E10 -> 1260000 | G10: =Price_Data!A7 -> FRO | H10: 912648 | I10: =F10-H10 -> 347352
A11: =Price_Data!B8 -> Antero Resources Corp | B11: =Momentum_Calc!B18/100 -> 0.021797552 | C11: =Momentum_Calc!C18 -> 🟢 | D11: 상 | E11: 0.25 | F11: =$B$7*E11 -> 1260000 | G11: =Price_Data!A8 -> AR | H11: 1006348 | I11: =F11-H11 -> 253652
A12: =Price_Data!B12 -> 금 | B12: =Momentum_Calc!B19/100 -> 0.21247974 | C12: =Momentum_Calc!C19 -> 🟢 | D12: 상 | E12: 0.4 | F12: =$B$7*E12 -> 2016000 | G12: =Price_Data!A12 -> GC1 | H12: 939080 | I12: =F12-H12 -> 1076920
A13: =Price_Data!B11 -> Sportt Uranium Miners ETF | B13: =Momentum_Calc!B22/100 -> 0.12341162 | C13: =Momentum_Calc!C22 -> 🟢 | D13: 중 | E13: 0.1 | F13: =$B$7*E13 -> 504000 | G13: =Price_Data!A11 -> URNM
A14: 합계 | E14: =SUM(E10:E13) -> 1 | F14: =SUM(F10:F12) -> 4536000

Sheet Rebalancing
A1: 리밸런싱 실행
A2: 기준일 | B2: 45965
A4: 현재 보유 현황
A5: 종목 | B5: Ticker | C5: 보유 수량 | D5: 현재가 | E5: 평가금액 | F5: 비중 | H5: 목표 비중 | I5: 목표 금액 | J5: 차이 | K5: 조치
A6: =Price_Data!B2 -> S&P500 | B6: =Price_Data!A2 -> SPY | C6: 10 | D6: =Price_Data!C2 -> 6865.17 | E6: =C6*D6 -> 68651.7 | F6: =E6/SUM($E$6:$E$12) -> 0.021167355 | H6: =Core_Allocation!D10/SUM(Core_Allocation!D10,Core_Allocation!D11,Core_Allocation!D12,Core_Allocation!#REF!,Bond_Allocation!D8,Bond_Allocation!#REF!,Satellite_Selection!F10,Satellite_Selection!F11,Satellite_Selection!F12) -> #REF! | I6: =Core_Allocation!D10 -> 1989824.5 | J6: =I6-E6 -> 1921172.8 | K6: =IF(J6>50000,"매수 ₩"&TEXT(J6,"#,##0"),IF(J6<-50000,"매도 ₩"&TEXT(ABS(J6),"#,##0"),"유지")) -> 매수 ₩1,921,173
A7: =Price_Data!B3 -> KOSPI200 | B7: =Price_Data!A3 -> K51 | C7: 350 | D7: =Price_Data!C3 -> 624 | E7: =C7*D7 -> 218400 | F7: =E7/SUM($E$6:$E$12) -> 0.067339195 | H7: =Core_Allocation!D11/SUM(Core_Allocation!D10,Core_Allocation!D11,Core_Allocation!D12,Core_Allocation!#REF!,Bond_Allocation!D8,Bond_Allocation!#REF!,Satellite_Selection!F10,Satellite_Selection!F11,Satellite_Selection!F12) -> #REF! | I7: =Core_Allocation!D11 -> 3050175.5 | J7: =I7-E7 -> 2831775.5 | K7: =IF(J7>50000,"매수 ₩"&TEXT(J7,"#,##0"),IF(J7<-50000,"매도 ₩"&TEXT(ABS(J7),"#,##0"),"유지")) -> 매수 ₩2,831,775
A8: =Price_Data!B4 -> TIGER 차이나테크 TOP10 | B8: =Price_Data!A4 -> 0047A0 | C8: 100 | D8: =Price_Data!C4 -> 12370 | E8: =C8*D8 -> 1237000 | F8: =E8/SUM($E$6:$E$12) -> 0.38140378 | H8: =Core_Allocation!D12/SUM(Core_Allocation!D10,Core_Allocation!D11,Core_Allocation!D12,Core_Allocation!#REF!,Bond_Allocation!D8,Bond_Allocation!#REF!,Satellite_Selection!F10,Satellite_Selection!F11,Satellite_Selection!F12) -> #REF! | I8: =Core_Allocation!D12 -> 0 | J8: =I8-E8 -> -1237000 | K8: =IF(J8>50000,"매수 ₩"&TEXT(J8,"#,##0"),IF(J8<-50000,"매도 ₩"&TEXT(ABS(J8),"#,##0"),"유지")) -> 매도 ₩1,237,000
A9: =Price_Data!B5 -> 미국채 20년 | B9: =Price_Data!A5 -> TLT | C9: 50 | D9: =Price_Data!C5 -> 87.06 | E9: =C9*D9 -> 4353 | F9: =E9/SUM($E$6:$E$12) -> 0.001342159 | H9: =Core_Allocation!#REF!/SUM(Core_Allocation!D10,Core_Allocation!D11,Core_Allocation!D12,Core_Allocation!#REF!,Bond_Allocation!D8,Bond_Allocation!#REF!,Satellite_Selection!F10,Satellite_Selection!F11,Satellite_Selection!F12) -> #REF! | I9: =Core_Allocation!#REF! -> #REF! | J9: =I9-E9 -> #REF! | K9: =IF(J9>50000,"매수 ₩"&TEXT(J9,"#,##0"),IF(J9<-50000,"매도 ₩"&TEXT(ABS(J9),"#,##0"),"유지")) -> #REF!
A10: =Price_Data!B7 -> Frontline Plc | B10: =Price_Data!A7 -> FRO | C10: 23 | D10: =Price_Data!C7 -> 20.57 | E10: 779605 | F10: =E10/SUM($E$6:$E$12) -> 0.24037534 | H10: =Bond_Allocation!D8/SUM(Core_Allocation!D10,Core_Allocation!D11,Core_Allocation!D12,Core_Allocation!#REF!,Bond_Allocation!D8,Bond_Allocation!#REF!,Satellite_Selection!F10,Satellite_Selection!F11,Satellite_Selection!F12) -> #REF! | I10: =Bond_Allocation!D8 -> 2520000 | J10: =I10-E10 -> 1740395 | K10: =IF(J10>50000,"매수 ₩"&TEXT(J10,"#,##0"),IF(J10<-50000,"매도 ₩"&TEXT(ABS(J10),"#,##0"),"유지")) -> 매수 ₩1,740,395
A11: =Price_Data!B8 -> Antero Resources Corp | B11: =Price_Data!A8 -> AR | C11: 17 | D11: =Price_Data!C8 -> 34.22 | E11: 805312 | F11: =E11/SUM($E$6:$E$12) -> 0.24830157 | H11: =Bond_Allocation!#REF!/SUM(Core_Allocation!D10,Core_Allocation!D11,Core_Allocation!D12,Core_Allocation!#REF!,Bond_Allocation!D8,Bond_Allocation!#REF!,Satellite_Selection!F10,Satellite_Selection!F11,Satellite_Selection!F12) -> #REF! | I11: =Bond_Allocation!#REF! -> #REF! | J11: =I11-E11 -> #REF! | K11: =IF(J11>50000,"매수 ₩"&TEXT(J11,"#,##0"),IF(J11<-50000,"매도 ₩"&TEXT(ABS(J11),"#,##0"),"유지")) -> #REF!
A12: =Price_Data!B12 -> 금 | B12: =Price_Data!A12 -> GC1 | C12: 30 | D12: =Price_Data!C12 -> 4332.01 | E12: =C12*D12 -> 129960.3 | F12: =E12/SUM($E$6:$E$12) -> 0.040070614 | H12: =Satellite_Selection!F10/SUM(Core_Allocation!D10,Core_Allocation!D11,Core_Allocation!D12,Core_Allocation!#REF!,Bond_Allocation!D8,Bond_Allocation!#REF!,Satellite_Selection!F10,Satellite_Selection!F11,Satellite_Selection!F12) -> #REF! | I12: =Satellite_Selection!F10 -> 1260000 | J12: =I12-E12 -> 1130039.7 | K12: =IF(J12>50000,"매수 ₩"&TEXT(J12,"#,##0"),IF(J12<-50000,"매도 ₩"&TEXT(ABS(J12),"#,##0"),"유지")) -> 매수 ₩1,130,040
A13: 합계 | E13: =SUM(E6:E12) -> 3243282 | F13: =SUM(F6:F12) -> 1 | I13: =SUM(I6:I12) -> #REF!
A16: 매매 주문서
A17: 순서 | B17: 종목 | C17: 매매 | D17: 금액 | E17: 예상 수량 | F17: 비고

Sheet Performance
A1: 성과 추적
A3: 기준일 | B3: 총자산 | C3: 월수익률 | D3: 누적수익률 | E3: 주식비중 | F3: 코어비중 | G3: S&P500
A4: 2025-01-31 | B4: 30000000 | C4: - | D4: 0.0% | E4: 70% | F4: 70% | G4: 0.0%
A5: 2025-02-28 | B5: =Rebalancing!E13 -> 3243282 | C5: =(B5-B4)/B4 -> -0.8918906 | D5: =(B5-B$4)/B$4 -> -0.8918906 | E5: =Asset_Allocation!B4/100 -> 0.8 | F5: =Asset_Allocation!B14/100 -> 0.5 | G5: 0.025

Sheet Dashboard
A1: Portfolio Dashboard
A2: 업데이트: | B2: =Rebalancing!B2 -> 45965
A4: 핵심 지표
A5: 총 자산 | B5: =Rebalancing!E13 -> 3243282
A6: 당월 수익률 | B6: =Performance!C5 -> -0.8918906
A7: 누적 수익률 | B7: =Performance!D5 -> -0.8918906
A9: 현재 자산 배분
A10: 주식 | B10: =SUMIFS(Rebalancing!E:E,Rebalancing!A:A,"S&P500")+SUMIFS(Rebalancing!E:E,Rebalancing!A:A,"KOSPI")+SUMIFS(Rebalancing!E:E,Rebalancing!A:A,"CSI300")+SUMIFS(Rebalancing!E:E,Rebalancing!A:A,"Europe")+SUMIFS(Rebalancing!E:E,Rebalancing!A:A,"Apple")+SUMIFS(Rebalancing!E:E,Rebalancing!A:A,"Tesla")+SUMIFS(Rebalancing!E:E,Rebalancing!A:A,"Exxon") -> 68651.7 | C10: =B10/B5 -> 0.021167355
A11: 채권 | B11: =SUMIFS(Rebalancing!E:E,Rebalancing!A:A,"미국채")+SUMIFS(Rebalancing!E:E,Rebalancing!A:A,"한국채") -> 0 | C11: =B11/B5 -> 0
A13: 코어 | B13: =SUMIFS(Rebalancing!E:E,Rebalancing!A:A,"S&P500")+SUMIFS(Rebalancing!E:E,Rebalancing!A:A,"KOSPI")+SUMIFS(Rebalancing!E:E,Rebalancing!A:A,"CSI300")+SUMIFS(Rebalancing!E:E,Rebalancing!A:A,"Europe") -> 68651.7 | C13: =B13/B5 -> 0.021167355
A14: 새틀라이트 | B14: =SUMIFS(Rebalancing!E:E,Rebalancing!A:A,"Apple")+SUMIFS(Rebalancing!E:E,Rebalancing!A:A,"Tesla")+SUMIFS(Rebalancing!E:E,Rebalancing!A:A,"Exxon") -> 0 | C14: =B14/B5 -> 0
A16: 보유 자산 목록
A17: 종목명 | B17: 평가금액 | C17: 비중 | D17: 수익률
A18: =Rebalancing!A6 -> S&P500 | B18: =Rebalancing!E6 -> 68651.7 | C18: =Rebalancing!F6 -> 0.021167355 | D18: -
A19: =Rebalancing!A7 -> KOSPI200 | B19: =Rebalancing!E7 -> 218400 | C19: =Rebalancing!F7 -> 0.067339195 | D19: -
A20: =Rebalancing!A8 -> TIGER 차이나테크 TOP10 | B20: =Rebalancing!E8 -> 1237000 | C20: =Rebalancing!F8 -> 0.38140378 | D20: -
A21: =Rebalancing!A9 -> 미국채 20년 | B21: =Rebalancing!E9 -> 4353 | C21: =Rebalancing!F9 -> 0.001342159 | D21: -
A22: =Rebalancing!A10 -> Frontline Plc | B22: =Rebalancing!E10 -> 779605 | C22: =Rebalancing!F10 -> 0.24037534 | D22: -
A23: =Rebalancing!A11 -> Antero Resources Corp | B23: =Rebalancing!E11 -> 805312 | C23: =Rebalancing!F11 -> 0.24830157 | D23: -
A24: =Rebalancing!A12 -> 금 | B24: =Rebalancing!E12 -> 129960.3 | C24: =Rebalancing!F12 -> 0.040070614 | D24: -
